cell_id,scenario,labels_mode,coupling_strength,shared_strength,phase_noise_sd,n_repetitions,n_true_edges,naive_any_detection_rate,naive_any_detection_ci_low,naive_any_detection_ci_high,naive_FWER,naive_FWER_ci_low,naive_FWER_ci_high,mean_naive_sensitivity,mean_naive_sensitivity_ci_low,mean_naive_sensitivity_ci_high,mean_naive_precision,mean_naive_precision_ci_low,mean_naive_precision_ci_high,mean_naive_fpr,mean_naive_fpr_ci_low,mean_naive_fpr_ci_high,mean_naive_f1,mean_naive_f1_ci_low,mean_naive_f1_ci_high,mean_naive_n_detected,mean_naive_n_detected_ci_low,mean_naive_n_detected_ci_high,naive_all_true_recovered_rate,naive_all_true_recovered_ci_low,naive_all_true_recovered_ci_high,naive_zero_false_positives_rate,naive_zero_false_positives_ci_low,naive_zero_false_positives_ci_high,naive_exact_recovery_rate,naive_exact_recovery_ci_low,naive_exact_recovery_ci_high,label_any_detection_rate,label_any_detection_ci_low,label_any_detection_ci_high,label_FWER,label_FWER_ci_low,label_FWER_ci_high,mean_label_sensitivity,mean_label_sensitivity_ci_low,mean_label_sensitivity_ci_high,mean_label_precision,mean_label_precision_ci_low,mean_label_precision_ci_high,mean_label_fpr,mean_label_fpr_ci_low,mean_label_fpr_ci_high,mean_label_f1,mean_label_f1_ci_low,mean_label_f1_ci_high,mean_label_n_detected,mean_label_n_detected_ci_low,mean_label_n_detected_ci_high,label_all_true_recovered_rate,label_all_true_recovered_ci_low,label_all_true_recovered_ci_high,label_zero_false_positives_rate,label_zero_false_positives_ci_low,label_zero_false_positives_ci_high,label_exact_recovery_rate,label_exact_recovery_ci_low,label_exact_recovery_ci_high,full_any_detection_rate,full_any_detection_ci_low,full_any_detection_ci_high,full_FWER,full_FWER_ci_low,full_FWER_ci_high,mean_full_sensitivity,mean_full_sensitivity_ci_low,mean_full_sensitivity_ci_high,mean_full_precision,mean_full_precision_ci_low,mean_full_precision_ci_high,mean_full_fpr,mean_full_fpr_ci_low,mean_full_fpr_ci_high,mean_full_f1,mean_full_f1_ci_low,mean_full_f1_ci_high,mean_full_n_detected,mean_full_n_detected_ci_low,mean_full_n_detected_ci_high,full_all_true_recovered_rate,full_all_true_recovered_ci_low,full_all_true_recovered_ci_high,full_zero_false_positives_rate,full_zero_false_positives_ci_low,full_zero_false_positives_ci_high,full_exact_recovery_rate,full_exact_recovery_ci_low,full_exact_recovery_ci_high,mean_raw_auprc,mean_raw_auprc_ci_low,mean_raw_auprc_ci_high,mean_label_score_auprc,mean_label_score_auprc_ci_low,mean_label_score_auprc_ci_high,mean_raw_topk_recall,mean_raw_topk_recall_ci_low,mean_raw_topk_recall_ci_high
N_IND_1,independent_null,empirical,0.0,0.0,0.06,100,0,1.0,0.9630065017930143,1.0,1.0,0.9630065017930143,1.0,nan,nan,nan,0.0,0.0,0.0,0.051944444444444446,0.04814814814814815,0.05583333333333334,0.0,0.0,0.0,5.61,5.21,6.02,0.0,3.469446951953614e-18,0.03699349820698568,0.0,3.469446951953614e-18,0.03699349820698568,0.0,3.469446951953614e-18,0.03699349820698568,0.07,0.03431926106727268,0.137495147390735,0.07,0.03431926106727268,0.137495147390735,nan,nan,nan,0.0,0.0,0.0,0.0006481481481481481,0.00018518518518518518,0.0011111111111111111,0.0,0.0,0.0,0.07,0.02,0.13,0.0,3.469446951953614e-18,0.03699349820698568,0.93,0.8625048526092651,0.9656807389327273,0.0,3.469446951953614e-18,0.03699349820698568,0.03,0.010254524024038925,0.0845193642905276,0.03,0.010254524024038925,0.0845193642905276,nan,nan,nan,0.0,0.0,0.0,0.0002777777777777778,0.0,0.0005555555555555556,0.0,0.0,0.0,0.03,0.0,0.07,0.0,3.469446951953614e-18,0.03699349820698568,0.97,0.9154806357094724,0.9897454759759611,0.0,3.469446951953614e-18,0.03699349820698568,nan,nan,nan,nan,nan,nan,nan,nan,nan
N_IND_2,independent_null,empirical,0.0,0.0,0.1,100,0,1.0,0.9630065017930143,1.0,1.0,0.9630065017930143,1.0,nan,nan,nan,0.0,0.0,0.0,0.04898148148148148,0.04499999999999999,0.05324074074074074,0.0,0.0,0.0,5.29,4.85,5.77,0.0,3.469446951953614e-18,0.03699349820698568,0.0,3.469446951953614e-18,0.03699349820698568,0.0,3.469446951953614e-18,0.03699349820698568,0.03,0.010254524024038925,0.0845193642905276,0.03,0.010254524024038925,0.0845193642905276,nan,nan,nan,0.0,0.0,0.0,0.0002777777777777778,0.0,0.0006481481481481481,0.0,0.0,0.0,0.03,0.0,0.07,0.0,3.469446951953614e-18,0.03699349820698568,0.97,0.9154806357094724,0.9897454759759611,0.0,3.469446951953614e-18,0.03699349820698568,0.02,0.00550196755016235,0.07001179072854388,0.02,0.00550196755016235,0.07001179072854388,nan,nan,nan,0.0,0.0,0.0,0.00018518518518518518,0.0,0.0004629629629629629,0.0,0.0,0.0,0.02,0.0,0.05,0.0,3.469446951953614e-18,0.03699349820698568,0.98,0.929988209271456,0.9944980324498376,0.0,3.469446951953614e-18,0.03699349820698568,nan,nan,nan,nan,nan,nan,nan,nan,nan
N_IND_3,independent_null,empirical,0.0,0.0,0.14,100,0,1.0,0.9630065017930143,1.0,1.0,0.9630065017930143,1.0,nan,nan,nan,0.0,0.0,0.0,0.047962962962962964,0.04388888888888889,0.05212962962962963,0.0,0.0,0.0,5.18,4.76,5.640249999999998,0.0,3.469446951953614e-18,0.03699349820698568,0.0,3.469446951953614e-18,0.03699349820698568,0.0,3.469446951953614e-18,0.03699349820698568,0.06,0.027786123963188192,0.1247681544589592,0.06,0.027786123963188192,0.1247681544589592,nan,nan,nan,0.0,0.0,0.0,0.0005555555555555556,0.00018518518518518518,0.0010185185185185184,0.0,0.0,0.0,0.06,0.02,0.11,0.0,3.469446951953614e-18,0.03699349820698568,0.94,0.8752318455410406,0.9722138760368118,0.0,3.469446951953614e-18,0.03699349820698568,0.03,0.010254524024038925,0.0845193642905276,0.03,0.010254524024038925,0.0845193642905276,nan,nan,nan,0.0,0.0,0.0,0.0002777777777777778,0.0,0.0006481481481481481,0.0,0.0,0.0,0.03,0.0,0.06,0.0,3.469446951953614e-18,0.03699349820698568,0.97,0.9154806357094724,0.9897454759759611,0.0,3.469446951953614e-18,0.03699349820698568,nan,nan,nan,nan,nan,nan,nan,nan,nan
N_GLOB_1,global_shared_event,balanced_identical,0.0,0.35,0.1,100,0,1.0,0.9630065017930143,1.0,1.0,0.9630065017930143,1.0,nan,nan,nan,0.0,0.0,0.0,0.8519444444444443,0.8435162037037035,0.8605578703703706,0.0,0.0,0.0,92.01,91.06,92.93025,0.0,3.469446951953614e-18,0.03699349820698568,0.0,3.469446951953614e-18,0.03699349820698568,0.0,3.469446951953614e-18,0.03699349820698568,1.0,0.9630065017930143,1.0,1.0,0.9630065017930143,1.0,nan,nan,nan,0.0,0.0,0.0,0.3649074074074074,0.35416666666666663,0.3754629629629629,0.0,0.0,0.0,39.41,38.25975,40.6,0.0,3.469446951953614e-18,0.03699349820698568,0.0,3.469446951953614e-18,0.03699349820698568,0.0,3.469446951953614e-18,0.03699349820698568,0.15,0.0930598528365663,0.23283559590832364,0.15,0.0930598528365663,0.23283559590832364,nan,nan,nan,0.0,0.0,0.0,0.001388888888888889,0.0007407407407407407,0.002129629629629629,0.0,0.0,0.0,0.15,0.08,0.22,0.0,3.469446951953614e-18,0.03699349820698568,0.85,0.7671644040916763,0.9069401471634337,0.0,3.469446951953614e-18,0.03699349820698568,nan,nan,nan,nan,nan,nan,nan,nan,nan
N_GLOB_2,global_shared_event,balanced_identical,0.0,0.6,0.1,100,0,1.0,0.9630065017930143,1.0,1.0,0.9630065017930143,1.0,nan,nan,nan,0.0,0.0,0.0,1.0,1.0,1.0,0.0,0.0,0.0,108.0,108.0,108.0,0.0,3.469446951953614e-18,0.03699349820698568,0.0,3.469446951953614e-18,0.03699349820698568,0.0,3.469446951953614e-18,0.03699349820698568,1.0,0.9630065017930143,1.0,1.0,0.9630065017930143,1.0,nan,nan,nan,0.0,0.0,0.0,1.0,1.0,1.0,0.0,0.0,0.0,108.0,108.0,108.0,0.0,3.469446951953614e-18,0.03699349820698568,0.0,3.469446951953614e-18,0.03699349820698568,0.0,3.469446951953614e-18,0.03699349820698568,0.09,0.04807254000256516,0.1622621285271631,0.09,0.04807254000256516,0.1622621285271631,nan,nan,nan,0.0,0.0,0.0,0.0008333333333333333,0.00037037037037037035,0.001388888888888889,0.0,0.0,0.0,0.09,0.04,0.15,0.0,3.469446951953614e-18,0.03699349820698568,0.91,0.837737871472837,0.9519274599974348,0.0,3.469446951953614e-18,0.03699349820698568,nan,nan,nan,nan,nan,nan,nan,nan,nan
N_GLOB_3,global_shared_event,balanced_identical,0.0,0.85,0.1,100,0,1.0,0.9630065017930143,1.0,1.0,0.9630065017930143,1.0,nan,nan,nan,0.0,0.0,0.0,1.0,1.0,1.0,0.0,0.0,0.0,108.0,108.0,108.0,0.0,3.469446951953614e-18,0.03699349820698568,0.0,3.469446951953614e-18,0.03699349820698568,0.0,3.469446951953614e-18,0.03699349820698568,1.0,0.9630065017930143,1.0,1.0,0.9630065017930143,1.0,nan,nan,nan,0.0,0.0,0.0,1.0,1.0,1.0,0.0,0.0,0.0,108.0,108.0,108.0,0.0,3.469446951953614e-18,0.03699349820698568,0.0,3.469446951953614e-18,0.03699349820698568,0.0,3.469446951953614e-18,0.03699349820698568,0.02,0.00550196755016235,0.07001179072854388,0.02,0.00550196755016235,0.07001179072854388,nan,nan,nan,0.0,0.0,0.0,0.00018518518518518518,0.0,0.0004629629629629629,0.0,0.0,0.0,0.02,0.0,0.05,0.0,3.469446951953614e-18,0.03699349820698568,0.98,0.929988209271456,0.9944980324498376,0.0,3.469446951953614e-18,0.03699349820698568,nan,nan,nan,nan,nan,nan,nan,nan,nan
N_GROUP_1,group_shared_event,empirical,0.0,0.35,0.1,100,0,1.0,0.9630065017930143,1.0,1.0,0.9630065017930143,1.0,nan,nan,nan,0.0,0.0,0.0,0.4457407407407407,0.4351828703703703,0.45629629629629626,0.0,0.0,0.0,48.14,46.97,49.33,0.0,3.469446951953614e-18,0.03699349820698568,0.0,3.469446951953614e-18,0.03699349820698568,0.0,3.469446951953614e-18,0.03699349820698568,1.0,0.9630065017930143,1.0,1.0,0.9630065017930143,1.0,nan,nan,nan,0.0,0.0,0.0,0.06231481481481481,0.05787037037037037,0.06713194444444442,0.0,0.0,0.0,6.73,6.23,7.260249999999998,0.0,3.469446951953614e-18,0.03699349820698568,0.0,3.469446951953614e-18,0.03699349820698568,0.0,3.469446951953614e-18,0.03699349820698568,0.63,0.5322052958094291,0.7181763946567546,0.63,0.5322052958094291,0.7181763946567546,nan,nan,nan,0.0,0.0,0.0,0.008148148148148147,0.006666666666666666,0.009722222222222222,0.0,0.0,0.0,0.88,0.72,1.05,0.0,3.469446951953614e-18,0.03699349820698568,0.37,0.28182360534324524,0.4677947041905709,0.0,3.469446951953614e-18,0.03699349820698568,nan,nan,nan,nan,nan,nan,nan,nan,nan
N_GROUP_2,group_shared_event,empirical,0.0,0.6,0.1,100,0,1.0,0.9630065017930143,1.0,1.0,0.9630065017930143,1.0,nan,nan,nan,0.0,0.0,0.0,1.0,1.0,1.0,0.0,0.0,0.0,108.0,108.0,108.0,0.0,3.469446951953614e-18,0.03699349820698568,0.0,3.469446951953614e-18,0.03699349820698568,0.0,3.469446951953614e-18,0.03699349820698568,1.0,0.9630065017930143,1.0,1.0,0.9630065017930143,1.0,nan,nan,nan,0.0,0.0,0.0,1.0,1.0,1.0,0.0,0.0,0.0,108.0,108.0,108.0,0.0,3.469446951953614e-18,0.03699349820698568,0.0,3.469446951953614e-18,0.03699349820698568,0.0,3.469446951953614e-18,0.03699349820698568,1.0,0.9630065017930143,1.0,1.0,0.9630065017930143,1.0,nan,nan,nan,0.0,0.0,0.0,0.07925925925925925,0.0737037037037037,0.08462962962962962,0.0,0.0,0.0,8.56,7.97975,9.17,0.0,3.469446951953614e-18,0.03699349820698568,0.0,3.469446951953614e-18,0.03699349820698568,0.0,3.469446951953614e-18,0.03699349820698568,nan,nan,nan,nan,nan,nan,nan,nan,nan
N_GROUP_3,group_shared_event,empirical,0.0,0.85,0.1,100,0,1.0,0.9630065017930143,1.0,1.0,0.9630065017930143,1.0,nan,nan,nan,0.0,0.0,0.0,1.0,1.0,1.0,0.0,0.0,0.0,108.0,108.0,108.0,0.0,3.469446951953614e-18,0.03699349820698568,0.0,3.469446951953614e-18,0.03699349820698568,0.0,3.469446951953614e-18,0.03699349820698568,1.0,0.9630065017930143,1.0,1.0,0.9630065017930143,1.0,nan,nan,nan,0.0,0.0,0.0,1.0,1.0,1.0,0.0,0.0,0.0,108.0,108.0,108.0,0.0,3.469446951953614e-18,0.03699349820698568,0.0,3.469446951953614e-18,0.03699349820698568,0.0,3.469446951953614e-18,0.03699349820698568,1.0,0.9630065017930143,1.0,1.0,0.9630065017930143,1.0,nan,nan,nan,0.0,0.0,0.0,0.1674074074074074,0.15925694444444446,0.17537037037037043,0.0,0.0,0.0,18.08,17.13975,18.990249999999996,0.0,3.469446951953614e-18,0.03699349820698568,0.0,3.469446951953614e-18,0.03699349820698568,0.0,3.469446951953614e-18,0.03699349820698568,nan,nan,nan,nan,nan,nan,nan,nan,nan
R_TRUE_1_1,sparse_true,empirical,0.35,0.0,0.06,50,3,1.0,0.9286524008666414,1.0,nan,nan,nan,0.6533333333333333,0.5733333333333334,0.7266666666666666,0.16111246055286305,0.14005361869167984,0.18083363737440747,0.09904761904761901,0.09218571428571426,0.10609999999999997,0.2566597083686867,0.22500537347069852,0.28840504431499014,12.36,11.58,13.14,0.3,0.19103553500880954,0.437503504644534,0.0,6.938893903907228e-18,0.07134759913335872,0.0,6.938893903907228e-18,0.07134759913335872,0.72,0.5833487630404344,0.8252582933408878,nan,nan,nan,0.12666666666666665,0.07999999999999999,0.18,0.37592592592592594,0.23701388888888886,0.5240740740740741,0.00761904761904762,0.0051428571428571435,0.010285714285714287,0.16109523809523807,0.10082976190476191,0.2245238095238095,1.18,0.88,1.52,0.0,6.938893903907228e-18,0.07134759913335872,0.5,0.3664451431682858,0.6335548568317142,0.0,6.938893903907228e-18,0.07134759913335872,0.28,0.17474170665911232,0.4166512369595657,nan,nan,nan,0.02,0.0,0.05333333333333333,0.11904761904761904,0.0,0.2857142857142857,0.0024761904761904764,0.0013333333333333335,0.0036190476190476194,0.02333333333333333,0.0,0.05999999999999999,0.32,0.18,0.48,0.0,6.938893903907228e-18,0.07134759913335872,0.74,0.6044684273515117,0.8412847250644762,0.0,6.938893903907228e-18,0.07134759913335872,0.32309034486385807,0.2684225555735852,0.37899319319774033,0.3074914399326164,0.2500865402571285,0.3639514417227652,0.23999999999999996,0.18,0.3
R_TRUE_1_2,sparse_true,empirical,0.35,0.0,0.1,50,3,1.0,0.9286524008666414,1.0,nan,nan,nan,0.3933333333333333,0.31999999999999995,0.4666666666666666,0.12016659974012915,0.09806283863195626,0.1457752757863052,0.08819047619047618,0.08114285714285714,0.09580952380952379,0.18115572731362203,0.14817369531053742,0.21469539941053095,10.44,9.68,11.180499999999997,0.04,0.011038884327619805,0.1346009068750702,0.0,6.938893903907228e-18,0.07134759913335872,0.0,6.938893903907228e-18,0.07134759913335872,0.42,0.2937500335471198,0.5576655823142176,nan,nan,nan,0.05999999999999999,0.026666666666666665,0.1,0.2698412698412699,0.11904761904761904,0.44444444444444436,0.004190476190476191,0.0026666666666666666,0.006095238095238095,0.07533333333333334,0.03133333333333333,0.126,0.62,0.4,0.86,0.0,6.938893903907228e-18,0.07134759913335872,0.64,0.501410168761127,0.7586125034815325,0.0,6.938893903907228e-18,0.07134759913335872,0.18,0.09770192670234178,0.30796053674300783,nan,nan,nan,0.026666666666666665,0.006666666666666666,0.05333333333333333,0.3888888888888889,0.1111111111111111,0.6666666666666666,0.001142857142857143,0.00038095238095238096,0.0020952380952380958,0.038,0.008,0.076,0.2,0.08,0.32,0.0,6.938893903907228e-18,0.07134759913335872,0.88,0.7619518261679701,0.9438239984906773,0.0,6.938893903907228e-18,0.07134759913335872,0.2189122181769095,0.16810392402791202,0.2739825176114886,0.2145079013579014,0.15701977564102565,0.2755532879620379,0.14666666666666667,0.09333333333333332,0.2
R_TRUE_1_3,sparse_true,empirical,0.35,0.0,0.14,50,3,1.0,0.9286524008666414,1.0,nan,nan,nan,0.4599999999999999,0.38,0.5466666666666665,0.13183005883005883,0.10986891025641024,0.15312660533910533,0.08571428571428569,0.07942857142857143,0.09238095238095237,0.20247040369331387,0.16899946393475807,0.23595489653105753,10.38,9.6,11.1,0.12,0.05617600150932274,0.23804817383202992,0.0,6.938893903907228e-18,0.07134759913335872,0.0,6.938893903907228e-18,0.07134759913335872,0.36,0.24138749651846741,0.49858983123887307,nan,nan,nan,0.03333333333333333,0.006666666666666666,0.06,0.21296296296296294,0.05555555555555555,0.4074074074074074,0.0034285714285714284,0.002095238095238095,0.0051428571428571435,0.04466666666666667,0.01,0.08534999999999991,0.46,0.26,0.6604999999999973,0.0,6.938893903907228e-18,0.07134759913335872,0.7,0.562496495355466,0.8089644649911906,0.0,6.938893903907228e-18,0.07134759913335872,0.1,0.04347576493189041,0.21360231437479654,nan,nan,nan,0.006666666666666666,0.0,0.02,0.2,0.0,0.6,0.0007619047619047619,0.00019047619047619048,0.0015238095238095239,0.01,0.0,0.03,0.1,0.02,0.18,0.0,6.938893903907228e-18,0.07134759913335872,0.92,0.8116175308165717,0.968450485911407,0.0,6.938893903907228e-18,0.07134759913335872,0.207688643435036,0.165236435939554,0.2595995998335735,0.2018074387486152,0.1551326802826803,0.2506736232721527,0.13999999999999999,0.08666666666666666,0.19999999999999996
R_TRUE_2_1,sparse_true,empirical,0.6,0.0,0.06,50,3,1.0,0.9286524008666414,1.0,nan,nan,nan,1.0,1.0,1.0,0.1118206834018903,0.10696977038661994,0.11697902023742386,0.23333333333333336,0.22266666666666665,0.24419047619047618,0.20068551895819264,0.19292001291505378,0.2086530241210064,27.5,26.3995,28.74,1.0,0.9286524008666414,1.0,0.0,6.938893903907228e-18,0.07134759913335872,0.0,6.938893903907228e-18,0.07134759913335872,1.0,0.9286524008666414,1.0,nan,nan,nan,1.0,1.0,1.0,0.24654045954045953,0.24025939060939064,0.2525826173826174,0.08838095238095237,0.08533333333333332,0.09142857142857143,0.39500840336134446,0.38706575630252094,0.4030944327731092,12.28,11.94,12.62,1.0,0.9286524008666414,1.0,0.0,6.938893903907228e-18,0.07134759913335872,0.0,6.938893903907228e-18,0.07134759913335872,0.96,0.8653990931249297,0.9889611156723802,nan,nan,nan,0.28,0.21333333333333332,0.3533333333333333,0.26220238095238096,0.18937375992063488,0.3331485615079364,0.024,0.02019047619047619,0.02761904761904762,0.2500952380952381,0.19280158730158728,0.31056150793650794,3.36,2.94,3.8,0.02,0.003539259271646236,0.10495443589637815,0.08,0.03154951408859298,0.18838246918342838,0.0,6.938893903907228e-18,0.07134759913335872,0.410499518999519,0.3672796476671476,0.4579798941798941,0.27045454545454545,0.2681818181818182,0.2722727272727273,0.2533333333333333,0.19333333333333333,0.3133333333333333
R_TRUE_2_2,sparse_true,empirical,0.6,0.0,0.1,50,3,1.0,0.9286524008666414,1.0,nan,nan,nan,1.0,1.0,1.0,0.11601501899471517,0.11133569049855499,0.12110328120116028,0.22323809523809518,0.2133333333333333,0.2333333333333333,0.20745678664642997,0.19980048428946537,0.21567138103244496,26.44,25.3995,27.48,1.0,0.9286524008666414,1.0,0.0,6.938893903907228e-18,0.07134759913335872,0.0,6.938893903907228e-18,0.07134759913335872,1.0,0.9286524008666414,1.0,nan,nan,nan,1.0,1.0,1.0,0.2528711288711289,0.24740012487512483,0.2581369380619381,0.08514285714285713,0.08266666666666665,0.0878095238095238,0.4032717086834733,0.39614957983193266,0.4100348389355742,11.94,11.68,12.22,1.0,0.9286524008666414,1.0,0.0,6.938893903907228e-18,0.07134759913335872,0.0,6.938893903907228e-18,0.07134759913335872,0.78,0.6475845041874634,0.8724608402978559,nan,nan,nan,0.13333333333333333,0.08,0.18666666666666668,0.23504273504273507,0.14529914529914528,0.32916666666666605,0.010476190476190477,0.008380952380952383,0.01276190476190476,0.14933333333333335,0.09133333333333332,0.20734999999999992,1.5,1.22,1.8,0.0,6.938893903907228e-18,0.07134759913335872,0.28,0.17474170665911232,0.4166512369595657,0.0,6.938893903907228e-18,0.07134759913335872,0.45805747955747955,0.4098755170755171,0.5101254208754208,0.2713636363636364,0.2695454545454546,0.2727272727272727,0.32666666666666666,0.26666666666666666,0.3933333333333333
R_TRUE_2_3,sparse_true,empirical,0.6,0.0,0.14,50,3,1.0,0.9286524008666414,1.0,nan,nan,nan,1.0,1.0,1.0,0.12771376106154123,0.12188948315621821,0.1334525567866548,0.20133333333333334,0.19104761904761902,0.21257142857142852,0.2258869146777125,0.2165677069189802,0.23456449531193824,24.14,23.0,25.300999999999995,1.0,0.9286524008666414,1.0,0.0,6.938893903907228e-18,0.07134759913335872,0.0,6.938893903907228e-18,0.07134759913335872,1.0,0.9286524008666414,1.0,nan,nan,nan,1.0,1.0,1.0,0.2641108891108891,0.26002497502497507,0.26825174825174825,0.08,0.07828571428571429,0.08209523809523808,0.41763025210084026,0.41220168067226887,0.42263025210084026,11.4,11.22,11.62,1.0,0.9286524008666414,1.0,0.0,6.938893903907228e-18,0.07134759913335872,0.0,6.938893903907228e-18,0.07134759913335872,0.58,0.4423344176857823,0.7062499664528802,nan,nan,nan,0.08666666666666666,0.053166666666666675,0.12666666666666665,0.3793103448275862,0.22413793103448276,0.5517241379310345,0.0051428571428571435,0.0032380952380952383,0.007238095238095239,0.122,0.066,0.184,0.8,0.58,1.04,0.0,6.938893903907228e-18,0.07134759913335872,0.6,0.4618143774758936,0.7239161026974346,0.0,6.938893903907228e-18,0.07134759913335872,0.4137260702260701,0.37511148989898985,0.4531950697450696,0.2727272727272727,0.2727272727272727,0.2727272727272727,0.26666666666666666,0.21333333333333332,0.31999999999999995
R_TRUE_3_1,sparse_true,empirical,0.85,0.0,0.06,50,3,1.0,0.9286524008666414,1.0,nan,nan,nan,1.0,1.0,1.0,0.1495776173906689,0.14149629365756167,0.15819798415399036,0.16914285714285712,0.16,0.17942857142857138,0.2591136562081888,0.24703003034506316,0.27119519175003964,20.76,19.6795,21.76,1.0,0.9286524008666414,1.0,0.0,6.938893903907228e-18,0.07134759913335872,0.0,6.938893903907228e-18,0.07134759913335872,1.0,0.9286524008666414,1.0,nan,nan,nan,1.0,1.0,1.0,0.2665734265734266,0.26314685314685315,0.2696853146853147,0.07885714285714286,0.07752380952380954,0.0803809523809524,0.4207857142857142,0.4162839285714285,0.4246446428571428,11.28,11.14,11.44,1.0,0.9286524008666414,1.0,0.0,6.938893903907228e-18,0.07134759913335872,0.0,6.938893903907228e-18,0.07134759913335872,1.0,0.9286524008666414,1.0,nan,nan,nan,0.5066666666666666,0.4333333333333333,0.58,0.31215873015873014,0.2682829365079365,0.36163531746031746,0.03238095238095238,0.028761904761904766,0.03619047619047619,0.37624386724386727,0.3238402958152958,0.42535007215007226,4.92,4.46,5.36,0.1,0.04347576493189041,0.21360231437479654,0.0,6.938893903907228e-18,0.07134759913335872,0.0,6.938893903907228e-18,0.07134759913335872,0.47599663299663303,0.42765214646464644,0.5277382455507454,0.2722727272727273,0.27136363636363636,0.2727272727272727,0.3533333333333333,0.2866666666666666,0.42
R_TRUE_3_2,sparse_true,empirical,0.85,0.0,0.1,50,3,1.0,0.9286524008666414,1.0,nan,nan,nan,1.0,1.0,1.0,0.1576810309670587,0.14997039881141577,0.16480793571519864,0.1579047619047619,0.14895238095238095,0.16704761904761903,0.2715242141371207,0.2609669130049102,0.28250448003052125,19.58,18.7,20.52,1.0,0.9286524008666414,1.0,0.0,6.938893903907228e-18,0.07134759913335872,0.0,6.938893903907228e-18,0.07134759913335872,1.0,0.9286524008666414,1.0,nan,nan,nan,1.0,1.0,1.0,0.2713636363636364,0.2695454545454546,0.2727272727272727,0.07676190476190477,0.0761904761904762,0.07752380952380954,0.42685714285714277,0.4245714285714285,0.4285714285714285,11.06,11.0,11.14,1.0,0.9286524008666414,1.0,0.0,6.938893903907228e-18,0.07134759913335872,0.0,6.938893903907228e-18,0.07134759913335872,0.96,0.8653990931249297,0.9889611156723802,nan,nan,nan,0.2333333333333333,0.15999999999999998,0.3066666666666667,0.2552083333333333,0.17881944444444442,0.34028645833333326,0.016952380952380955,0.014285714285714289,0.01961904761904762,0.2260793650793651,0.15875555555555554,0.2976527777777777,2.48,2.1,2.84,0.02,0.003539259271646236,0.10495443589637815,0.1,0.04347576493189041,0.21360231437479654,0.0,6.938893903907228e-18,0.07134759913335872,0.42562433862433857,0.38405499639249635,0.46602186748436747,0.2727272727272727,0.2727272727272727,0.2727272727272727,0.29333333333333333,0.2333333333333333,0.3533333333333333
R_TRUE_3_3,sparse_true,empirical,0.85,0.0,0.14,50,3,1.0,0.9286524008666414,1.0,nan,nan,nan,1.0,1.0,1.0,0.15901687191004057,0.1507766098800954,0.16801715720245786,0.15771428571428572,0.1483809523809524,0.16799999999999998,0.27319138725158404,0.2603304006974497,0.2853400480228928,19.56,18.4995,20.6005,1.0,0.9286524008666414,1.0,0.0,6.938893903907228e-18,0.07134759913335872,0.0,6.938893903907228e-18,0.07134759913335872,1.0,0.9286524008666414,1.0,nan,nan,nan,1.0,1.0,1.0,0.2681818181818182,0.26545454545454544,0.27045454545454545,0.0780952380952381,0.07714285714285715,0.07923809523809525,0.42285714285714276,0.4194285714285714,0.4257142857142856,11.2,11.1,11.3,1.0,0.9286524008666414,1.0,0.0,6.938893903907228e-18,0.07134759913335872,0.0,6.938893903907228e-18,0.07134759913335872,0.64,0.501410168761127,0.7586125034815325,nan,nan,nan,0.1533333333333333,0.1,0.20666666666666667,0.4817708333333333,0.33333333333333337,0.6302083333333333,0.005523809523809525,0.0034285714285714293,0.00780952380952381,0.19704761904761903,0.12769761904761903,0.26705476190476185,1.04,0.78,1.32,0.0,6.938893903907228e-18,0.07134759913335872,0.58,0.4423344176857823,0.7062499664528802,0.0,6.938893903907228e-18,0.07134759913335872,0.4287202982202982,0.38643572631072626,0.4730107744107743,0.2727272727272727,0.2727272727272727,0.2727272727272727,0.2866666666666666,0.23333333333333336,0.3399999999999999
R_MIX_1_1,sparse_true_plus_group_shared,empirical,0.35,0.6,0.06,50,3,1.0,0.9286524008666414,1.0,nan,nan,nan,1.0,1.0,1.0,0.027777777777777776,0.027777777777777776,0.027777777777777776,1.0,1.0,1.0,0.05405405405405405,0.05405405405405405,0.05405405405405405,108.0,108.0,108.0,1.0,0.9286524008666414,1.0,0.0,6.938893903907228e-18,0.07134759913335872,0.0,6.938893903907228e-18,0.07134759913335872,1.0,0.9286524008666414,1.0,nan,nan,nan,1.0,1.0,1.0,0.027777777777777776,0.027777777777777776,0.027777777777777776,1.0,1.0,1.0,0.05405405405405405,0.05405405405405405,0.05405405405405405,108.0,108.0,108.0,1.0,0.9286524008666414,1.0,0.0,6.938893903907228e-18,0.07134759913335872,0.0,6.938893903907228e-18,0.07134759913335872,1.0,0.9286524008666414,1.0,nan,nan,nan,0.20666666666666667,0.14,0.2733333333333333,0.0306449762647371,0.020650964593569503,0.04143441291422736,0.18647619047619046,0.1748571428571428,0.19904761904761903,0.053122718935159276,0.036290018502926465,0.07243444661726052,20.2,18.92,21.54,0.02,0.003539259271646236,0.10495443589637815,0.0,6.938893903907228e-18,0.07134759913335872,0.0,6.938893903907228e-18,0.07134759913335872,0.058461549456889673,0.041866946912867554,0.0789817100003193,0.027777777777777776,0.027777777777777776,0.027777777777777776,0.03333333333333333,0.006666666666666666,0.06666666666666667
R_MIX_1_2,sparse_true_plus_group_shared,empirical,0.35,0.6,0.1,50,3,1.0,0.9286524008666414,1.0,nan,nan,nan,1.0,1.0,1.0,0.027777777777777776,0.027777777777777776,0.027777777777777776,1.0,1.0,1.0,0.05405405405405405,0.05405405405405405,0.05405405405405405,108.0,108.0,108.0,1.0,0.9286524008666414,1.0,0.0,6.938893903907228e-18,0.07134759913335872,0.0,6.938893903907228e-18,0.07134759913335872,1.0,0.9286524008666414,1.0,nan,nan,nan,1.0,1.0,1.0,0.027777777777777776,0.027777777777777776,0.027777777777777776,1.0,1.0,1.0,0.05405405405405405,0.05405405405405405,0.05405405405405405,108.0,108.0,108.0,1.0,0.9286524008666414,1.0,0.0,6.938893903907228e-18,0.07134759913335872,0.0,6.938893903907228e-18,0.07134759913335872,1.0,0.9286524008666414,1.0,nan,nan,nan,0.08666666666666666,0.04666666666666666,0.13333333333333333,0.027134643134643133,0.01418947718947719,0.041008294483294475,0.07961904761904763,0.07142380952380951,0.08799999999999997,0.04099800199800199,0.02190168165168165,0.06240841658341657,8.62,7.78,9.52,0.0,6.938893903907228e-18,0.07134759913335872,0.0,6.938893903907228e-18,0.07134759913335872,0.0,6.938893903907228e-18,0.07134759913335872,0.06001341473961155,0.03972163292250142,0.08769186172542483,0.027777777777777776,0.027777777777777776,0.027777777777777776,0.026666666666666665,0.0,0.06
R_MIX_1_3,sparse_true_plus_group_shared,empirical,0.35,0.6,0.14,50,3,1.0,0.9286524008666414,1.0,nan,nan,nan,1.0,1.0,1.0,0.027777777777777776,0.027777777777777776,0.027777777777777776,1.0,1.0,1.0,0.05405405405405405,0.05405405405405405,0.05405405405405405,108.0,108.0,108.0,1.0,0.9286524008666414,1.0,0.0,6.938893903907228e-18,0.07134759913335872,0.0,6.938893903907228e-18,0.07134759913335872,1.0,0.9286524008666414,1.0,nan,nan,nan,1.0,1.0,1.0,0.027777777777777776,0.027777777777777776,0.027777777777777776,1.0,1.0,1.0,0.05405405405405405,0.05405405405405405,0.05405405405405405,108.0,108.0,108.0,1.0,0.9286524008666414,1.0,0.0,6.938893903907228e-18,0.07134759913335872,0.0,6.938893903907228e-18,0.07134759913335872,1.0,0.9286524008666414,1.0,nan,nan,nan,0.026666666666666665,0.006666666666666666,0.05333333333333333,0.020555555555555553,0.0022222222222222222,0.04612499999999992,0.049333333333333326,0.042857142857142844,0.056190476190476187,0.021492063492063493,0.003333333333333333,0.04431904761904761,5.26,4.5595,6.020499999999997,0.0,6.938893903907228e-18,0.07134759913335872,0.0,6.938893903907228e-18,0.07134759913335872,0.0,6.938893903907228e-18,0.07134759913335872,0.03602343509111958,0.03185182675984001,0.040639680465398884,0.027777777777777776,0.027777777777777776,0.027777777777777776,0.0,0.0,0.0
R_MIX_2_1,sparse_true_plus_group_shared,empirical,0.6,0.6,0.06,50,3,1.0,0.9286524008666414,1.0,nan,nan,nan,1.0,1.0,1.0,0.027777777777777776,0.027777777777777776,0.027777777777777776,1.0,1.0,1.0,0.05405405405405405,0.05405405405405405,0.05405405405405405,108.0,108.0,108.0,1.0,0.9286524008666414,1.0,0.0,6.938893903907228e-18,0.07134759913335872,0.0,6.938893903907228e-18,0.07134759913335872,1.0,0.9286524008666414,1.0,nan,nan,nan,1.0,1.0,1.0,0.027777777777777776,0.027777777777777776,0.027777777777777776,1.0,1.0,1.0,0.05405405405405405,0.05405405405405405,0.05405405405405405,108.0,108.0,108.0,1.0,0.9286524008666414,1.0,0.0,6.938893903907228e-18,0.07134759913335872,0.0,6.938893903907228e-18,0.07134759913335872,1.0,0.9286524008666414,1.0,nan,nan,nan,0.33333333333333326,0.26666666666666666,0.40666666666666657,0.04050102076849557,0.03175751092393958,0.04902852611499385,0.22552380952380952,0.2137142857142857,0.2396190476190476,0.0719842228012543,0.05736277546293411,0.0873069860453582,24.68,23.42,26.08,0.02,0.003539259271646236,0.10495443589637815,0.0,6.938893903907228e-18,0.07134759913335872,0.0,6.938893903907228e-18,0.07134759913335872,0.43556809747986214,0.389715110760699,0.484209413598384,0.027777777777777776,0.027777777777777776,0.027777777777777776,0.3,0.23983333333333332,0.3666666666666666
R_MIX_2_2,sparse_true_plus_group_shared,empirical,0.6,0.6,0.1,50,3,1.0,0.9286524008666414,1.0,nan,nan,nan,1.0,1.0,1.0,0.027777777777777776,0.027777777777777776,0.027777777777777776,1.0,1.0,1.0,0.05405405405405405,0.05405405405405405,0.05405405405405405,108.0,108.0,108.0,1.0,0.9286524008666414,1.0,0.0,6.938893903907228e-18,0.07134759913335872,0.0,6.938893903907228e-18,0.07134759913335872,1.0,0.9286524008666414,1.0,nan,nan,nan,1.0,1.0,1.0,0.027777777777777776,0.027777777777777776,0.027777777777777776,1.0,1.0,1.0,0.05405405405405405,0.05405405405405405,0.05405405405405405,108.0,108.0,108.0,1.0,0.9286524008666414,1.0,0.0,6.938893903907228e-18,0.07134759913335872,0.0,6.938893903907228e-18,0.07134759913335872,1.0,0.9286524008666414,1.0,nan,nan,nan,0.16,0.1,0.22016666666666576,0.059370074370074376,0.0372113455988456,0.08330460234210232,0.08057142857142857,0.07314285714285713,0.08895238095238094,0.08336979686979687,0.05297560356310356,0.11563225108225106,8.94,8.14,9.76,0.0,6.938893903907228e-18,0.07134759913335872,0.0,6.938893903907228e-18,0.07134759913335872,0.0,6.938893903907228e-18,0.07134759913335872,0.46365153004177395,0.4145110387692704,0.5180471824359019,0.027777777777777776,0.027777777777777776,0.027777777777777776,0.32666666666666666,0.25999999999999995,0.3999999999999999
R_MIX_2_3,sparse_true_plus_group_shared,empirical,0.6,0.6,0.14,50,3,1.0,0.9286524008666414,1.0,nan,nan,nan,1.0,1.0,1.0,0.027777777777777776,0.027777777777777776,0.027777777777777776,1.0,1.0,1.0,0.05405405405405405,0.05405405405405405,0.05405405405405405,108.0,108.0,108.0,1.0,0.9286524008666414,1.0,0.0,6.938893903907228e-18,0.07134759913335872,0.0,6.938893903907228e-18,0.07134759913335872,1.0,0.9286524008666414,1.0,nan,nan,nan,1.0,1.0,1.0,0.027777777777777776,0.027777777777777776,0.027777777777777776,1.0,1.0,1.0,0.05405405405405405,0.05405405405405405,0.05405405405405405,108.0,108.0,108.0,1.0,0.9286524008666414,1.0,0.0,6.938893903907228e-18,0.07134759913335872,0.0,6.938893903907228e-18,0.07134759913335872,0.98,0.8950455641036219,0.9964607407283539,nan,nan,nan,0.05999999999999999,0.026666666666666665,0.0934999999999991,0.049173955296404274,0.019720602526724976,0.0861078717201166,0.03180952380952381,0.02685714285714286,0.036761904761904766,0.050555555555555555,0.021105555555555554,0.08222222222222224,3.52,3.0,4.08,0.0,6.938893903907228e-18,0.07134759913335872,0.02,0.003539259271646236,0.10495443589637815,0.0,6.938893903907228e-18,0.07134759913335872,0.5177584356062616,0.464339001155849,0.5730812987535815,0.027777777777777776,0.027777777777777776,0.027777777777777776,0.4133333333333332,0.3533333333333333,0.4734999999999992
R_MIX_3_1,sparse_true_plus_group_shared,empirical,0.85,0.6,0.06,50,3,1.0,0.9286524008666414,1.0,nan,nan,nan,1.0,1.0,1.0,0.027777777777777776,0.027777777777777776,0.027777777777777776,1.0,1.0,1.0,0.05405405405405405,0.05405405405405405,0.05405405405405405,108.0,108.0,108.0,1.0,0.9286524008666414,1.0,0.0,6.938893903907228e-18,0.07134759913335872,0.0,6.938893903907228e-18,0.07134759913335872,1.0,0.9286524008666414,1.0,nan,nan,nan,1.0,1.0,1.0,0.027777777777777776,0.027777777777777776,0.027777777777777776,1.0,1.0,1.0,0.05405405405405405,0.05405405405405405,0.05405405405405405,108.0,108.0,108.0,1.0,0.9286524008666414,1.0,0.0,6.938893903907228e-18,0.07134759913335872,0.0,6.938893903907228e-18,0.07134759913335872,1.0,0.9286524008666414,1.0,nan,nan,nan,0.33333333333333326,0.27333333333333326,0.3999999999999999,0.03669713290506221,0.029556196912198053,0.044145718725296955,0.252,0.23961428571428564,0.26476190476190475,0.0659858719724987,0.052436321701361845,0.07959052581044891,27.46,26.1595,28.7605,0.02,0.003539259271646236,0.10495443589637815,0.0,6.938893903907228e-18,0.07134759913335872,0.0,6.938893903907228e-18,0.07134759913335872,0.42711255411255405,0.38138926166426174,0.4792942279942279,0.027777777777777776,0.027777777777777776,0.027777777777777776,0.2533333333333333,0.19333333333333333,0.31999999999999995
R_MIX_3_2,sparse_true_plus_group_shared,empirical,0.85,0.6,0.1,50,3,1.0,0.9286524008666414,1.0,nan,nan,nan,1.0,1.0,1.0,0.027777777777777776,0.027777777777777776,0.027777777777777776,1.0,1.0,1.0,0.05405405405405405,0.05405405405405405,0.05405405405405405,108.0,108.0,108.0,1.0,0.9286524008666414,1.0,0.0,6.938893903907228e-18,0.07134759913335872,0.0,6.938893903907228e-18,0.07134759913335872,1.0,0.9286524008666414,1.0,nan,nan,nan,1.0,1.0,1.0,0.027777777777777776,0.027777777777777776,0.027777777777777776,1.0,1.0,1.0,0.05405405405405405,0.05405405405405405,0.05405405405405405,108.0,108.0,108.0,1.0,0.9286524008666414,1.0,0.0,6.938893903907228e-18,0.07134759913335872,0.0,6.938893903907228e-18,0.07134759913335872,1.0,0.9286524008666414,1.0,nan,nan,nan,0.12,0.06666666666666667,0.1733333333333333,0.0373948273948274,0.02241738122988123,0.05404371323121323,0.08095238095238097,0.07523333333333332,0.08723809523809523,0.05658008658008658,0.03161785714285714,0.0817630952380952,8.86,8.2,9.540499999999996,0.0,6.938893903907228e-18,0.07134759913335872,0.0,6.938893903907228e-18,0.07134759913335872,0.0,6.938893903907228e-18,0.07134759913335872,0.46142544492544496,0.41051349807599813,0.5119887385762385,0.027777777777777776,0.027777777777777776,0.027777777777777776,0.28,0.22,0.34
R_MIX_3_3,sparse_true_plus_group_shared,empirical,0.85,0.6,0.14,50,3,1.0,0.9286524008666414,1.0,nan,nan,nan,1.0,1.0,1.0,0.027777777777777776,0.027777777777777776,0.027777777777777776,1.0,1.0,1.0,0.05405405405405405,0.05405405405405405,0.05405405405405405,108.0,108.0,108.0,1.0,0.9286524008666414,1.0,0.0,6.938893903907228e-18,0.07134759913335872,0.0,6.938893903907228e-18,0.07134759913335872,1.0,0.9286524008666414,1.0,nan,nan,nan,1.0,1.0,1.0,0.027777777777777776,0.027777777777777776,0.027777777777777776,1.0,1.0,1.0,0.05405405405405405,0.05405405405405405,0.05405405405405405,108.0,108.0,108.0,1.0,0.9286524008666414,1.0,0.0,6.938893903907228e-18,0.07134759913335872,0.0,6.938893903907228e-18,0.07134759913335872,1.0,0.9286524008666414,1.0,nan,nan,nan,0.04666666666666667,0.02,0.08,0.025032467532467528,0.008333333333333333,0.046667478354978344,0.03619047619047619,0.03142857142857143,0.04114285714285714,0.03131890331890332,0.011301587301587302,0.05611572871572871,3.94,3.4,4.52,0.0,6.938893903907228e-18,0.07134759913335872,0.0,6.938893903907228e-18,0.07134759913335872,0.0,6.938893903907228e-18,0.07134759913335872,0.48250240500240493,0.4367816618566618,0.530666378066378,0.027777777777777776,0.027777777777777776,0.027777777777777776,0.30666666666666664,0.24,0.36666666666666664
