group,task,trial_1based,retain_sensitivity,BT_label,flag_source_subjects
G01,decision,1,True,CCC,
G01,decision,2,True,CCC,
G01,decision,3,True,CCC,
G01,decision,4,True,CCC,
G01,decision,5,True,CCC,
G01,decision,6,True,CCC,
G01,decision,7,True,CCC,
G01,decision,8,True,CCC,
G01,decision,9,True,CCC,
G01,decision,10,True,CCC,
G01,decision,11,True,Other,
G01,decision,12,True,Other,
G01,decision,13,True,Other,
G01,decision,14,True,Other,
G01,decision,15,True,Other,
G01,decision,16,True,Other,
G01,decision,17,True,Other,
G01,decision,18,True,Other,
G01,decision,19,True,Other,
G01,decision,20,True,Other,
G01,decision,21,True,Other,
G01,decision,22,True,Other,
G01,decision,23,True,CCC,
G01,decision,24,True,CCC,
G01,decision,25,True,Other,
G01,decision,26,True,Other,
G01,decision,27,True,Other,
G01,decision,28,True,Other,
G01,decision,29,True,Other,
G01,decision,30,True,Other,
G01,decision,31,True,Other,
G01,decision,32,True,Other,
G01,decision,33,True,Other,
G01,decision,34,True,Other,
G01,decision,35,True,Other,
G01,decision,36,True,Other,
G01,decision,37,True,Other,
G01,decision,38,True,Other,
G01,decision,39,True,Other,
G01,decision,40,True,Other,
G01,feedback,1,True,CCC,
G01,feedback,2,True,CCC,
G01,feedback,3,True,CCC,
G01,feedback,4,True,CCC,
G01,feedback,5,True,CCC,
G01,feedback,6,True,CCC,
G01,feedback,7,True,CCC,
G01,feedback,8,True,CCC,
G01,feedback,9,True,CCC,
G01,feedback,10,True,CCC,
G01,feedback,11,True,Other,
G01,feedback,12,True,Other,
G01,feedback,13,True,Other,
G01,feedback,14,True,Other,
G01,feedback,15,True,Other,
G01,feedback,16,True,Other,
G01,feedback,17,True,Other,
G01,feedback,18,True,Other,
G01,feedback,19,True,Other,
G01,feedback,20,True,Other,
G01,feedback,21,True,Other,
G01,feedback,22,True,Other,
G01,feedback,23,True,CCC,
G01,feedback,24,True,CCC,
G01,feedback,25,True,Other,
G01,feedback,26,True,Other,
G01,feedback,27,True,Other,
G01,feedback,28,True,Other,
G01,feedback,29,True,Other,
G01,feedback,30,True,Other,
G01,feedback,31,True,Other,
G01,feedback,32,True,Other,
G01,feedback,33,True,Other,
G01,feedback,34,True,Other,
G01,feedback,35,True,Other,
G01,feedback,36,True,Other,
G01,feedback,37,True,Other,
G01,feedback,38,True,Other,
G01,feedback,39,True,Other,
G01,feedback,40,True,Other,
G02,decision,1,True,CCC,
G02,decision,2,True,CCC,
G02,decision,3,True,CCC,
G02,decision,4,True,CCC,
G02,decision,5,True,CCC,
G02,decision,6,True,CCC,
G02,decision,7,True,CCC,
G02,decision,8,True,CCC,
G02,decision,9,True,CCC,
G02,decision,10,True,CCC,
G02,decision,11,True,CCC,
G02,decision,12,True,CCC,
G02,decision,13,True,CCC,
G02,decision,14,True,CCC,
G02,decision,15,False,CCC,sub-G02S02
G02,decision,16,False,CCC,sub-G02S02
G02,decision,17,True,CCC,
G02,decision,18,True,CCC,
G02,decision,19,True,CCC,
G02,decision,20,True,CCC,
G02,decision,21,True,CCC,
G02,decision,22,True,CCC,
G02,decision,23,True,CCC,
G02,decision,24,True,CCC,
G02,decision,25,False,Other,sub-G02S03
G02,decision,26,True,CCC,
G02,decision,27,True,CCC,
G02,decision,28,False,Other,sub-G02S03
G02,decision,29,True,CCC,
G02,decision,30,False,CCC,sub-G02S03
G02,decision,31,True,CCC,
G02,decision,32,True,CCC,
G02,decision,33,True,CCC,
G02,decision,34,True,CCC,
G02,decision,35,True,CCC,
G02,decision,36,False,CCC,sub-G02S03
G02,decision,37,True,CCC,
G02,decision,38,False,Other,"sub-G02S02,sub-G02S03"
G02,decision,39,False,CCC,sub-G02S02
G02,decision,40,False,CCC,sub-G02S03
G02,feedback,1,False,CCC,sub-G02S02
G02,feedback,2,True,CCC,
G02,feedback,3,True,CCC,
G02,feedback,4,True,CCC,
G02,feedback,5,True,CCC,
G02,feedback,6,True,CCC,
G02,feedback,7,True,CCC,
G02,feedback,8,True,CCC,
G02,feedback,9,True,CCC,
G02,feedback,10,False,CCC,sub-G02S02
G02,feedback,11,True,CCC,
G02,feedback,12,True,CCC,
G02,feedback,13,False,CCC,sub-G02S02
G02,feedback,14,True,CCC,
G02,feedback,15,True,CCC,
G02,feedback,16,True,CCC,
G02,feedback,17,True,CCC,
G02,feedback,18,True,CCC,
G02,feedback,19,True,CCC,
G02,feedback,20,True,CCC,
G02,feedback,21,True,CCC,
G02,feedback,22,True,CCC,
G02,feedback,23,True,CCC,
G02,feedback,24,False,CCC,sub-G02S02
G02,feedback,25,True,Other,
G02,feedback,26,True,CCC,
G02,feedback,27,True,CCC,
G02,feedback,28,False,Other,sub-G02S03
G02,feedback,29,False,CCC,sub-G02S03
G02,feedback,30,False,CCC,sub-G02S03
G02,feedback,31,True,CCC,
G02,feedback,32,True,CCC,
G02,feedback,33,True,CCC,
G02,feedback,34,True,CCC,
G02,feedback,35,False,CCC,sub-G02S03
G02,feedback,36,False,CCC,sub-G02S03
G02,feedback,37,False,CCC,"sub-G02S02,sub-G02S03"
G02,feedback,38,False,Other,"sub-G02S02,sub-G02S03"
G02,feedback,39,True,CCC,
G02,feedback,40,False,CCC,sub-G02S03
G03,decision,1,True,CCC,
G03,decision,2,True,CCC,
G03,decision,3,True,CCC,
G03,decision,4,True,CCC,
G03,decision,5,True,CCC,
G03,decision,6,True,CCC,
G03,decision,7,True,Other,
G03,decision,8,True,CCC,
G03,decision,9,True,Other,
G03,decision,10,True,Other,
G03,decision,11,True,Other,
G03,decision,12,True,CCC,
G03,decision,13,True,CCC,
G03,decision,14,True,CCC,
G03,decision,15,True,Other,
G03,decision,16,True,CCC,
G03,decision,17,True,Other,
G03,decision,18,True,Other,
G03,decision,19,True,Other,
G03,decision,20,True,Other,
G03,decision,21,True,CCC,
G03,decision,22,True,CCC,
G03,decision,23,True,CCC,
G03,decision,24,True,CCC,
G03,decision,25,True,CCC,
G03,decision,26,True,CCC,
G03,decision,27,True,CCC,
G03,decision,28,True,CCC,
G03,decision,29,True,Other,
G03,decision,30,True,Other,
G03,decision,31,True,Other,
G03,decision,32,True,Other,
G03,decision,33,True,Other,
G03,decision,34,True,Other,
G03,decision,35,True,Other,
G03,decision,36,True,Other,
G03,decision,37,True,Other,
G03,decision,38,True,Other,
G03,decision,39,True,Other,
G03,decision,40,True,Other,
G03,feedback,1,True,CCC,
G03,feedback,2,True,CCC,
G03,feedback,3,True,CCC,
G03,feedback,4,True,CCC,
G03,feedback,5,True,CCC,
G03,feedback,6,True,CCC,
G03,feedback,7,True,Other,
G03,feedback,8,True,CCC,
G03,feedback,9,True,Other,
G03,feedback,10,True,Other,
G03,feedback,11,True,Other,
G03,feedback,12,True,CCC,
G03,feedback,13,True,CCC,
G03,feedback,14,True,CCC,
G03,feedback,15,True,Other,
G03,feedback,16,True,CCC,
G03,feedback,17,True,Other,
G03,feedback,18,True,Other,
G03,feedback,19,True,Other,
G03,feedback,20,True,Other,
G03,feedback,21,True,CCC,
G03,feedback,22,True,CCC,
G03,feedback,23,True,CCC,
G03,feedback,24,True,CCC,
G03,feedback,25,True,CCC,
G03,feedback,26,True,CCC,
G03,feedback,27,True,CCC,
G03,feedback,28,True,CCC,
G03,feedback,29,True,Other,
G03,feedback,30,True,Other,
G03,feedback,31,True,Other,
G03,feedback,32,True,Other,
G03,feedback,33,True,Other,
G03,feedback,34,True,Other,
G03,feedback,35,True,Other,
G03,feedback,36,True,Other,
G03,feedback,37,True,Other,
G03,feedback,38,True,Other,
G03,feedback,39,True,Other,
G03,feedback,40,True,Other,
G04,decision,1,True,CCC,
G04,decision,2,True,Other,
G04,decision,3,True,Other,
G04,decision,4,True,Other,
G04,decision,5,True,Other,
G04,decision,6,True,Other,
G04,decision,7,True,Other,
G04,decision,8,True,Other,
G04,decision,9,True,Other,
G04,decision,10,True,Other,
G04,decision,11,True,Other,
G04,decision,12,True,Other,
G04,decision,13,True,Other,
G04,decision,14,True,Other,
G04,decision,15,True,Other,
G04,decision,16,True,Other,
G04,decision,17,True,CCC,
G04,decision,18,True,Other,
G04,decision,19,True,CCC,
G04,decision,20,True,CCC,
G04,decision,21,True,CCC,
G04,decision,22,True,CCC,
G04,decision,23,True,CCC,
G04,decision,24,True,Other,
G04,decision,25,True,CCC,
G04,decision,26,True,CCC,
G04,decision,27,True,CCC,
G04,decision,28,True,CCC,
G04,decision,29,True,CCC,
G04,decision,30,True,CCC,
G04,decision,31,True,CCC,
G04,decision,32,True,CCC,
G04,decision,33,True,CCC,
G04,decision,34,True,CCC,
G04,decision,35,True,CCC,
G04,decision,36,True,CCC,
G04,decision,37,True,CCC,
G04,decision,38,True,CCC,
G04,decision,39,True,CCC,
G04,decision,40,True,CCC,
G04,feedback,1,True,CCC,
G04,feedback,2,True,Other,
G04,feedback,3,True,Other,
G04,feedback,4,True,Other,
G04,feedback,5,True,Other,
G04,feedback,6,True,Other,
G04,feedback,7,True,Other,
G04,feedback,8,True,Other,
G04,feedback,9,True,Other,
G04,feedback,10,True,Other,
G04,feedback,11,True,Other,
G04,feedback,12,True,Other,
G04,feedback,13,True,Other,
G04,feedback,14,True,Other,
G04,feedback,15,True,Other,
G04,feedback,16,True,Other,
G04,feedback,17,True,CCC,
G04,feedback,18,True,Other,
G04,feedback,19,True,CCC,
G04,feedback,20,True,CCC,
G04,feedback,21,True,CCC,
G04,feedback,22,True,CCC,
G04,feedback,23,True,CCC,
G04,feedback,24,True,Other,
G04,feedback,25,True,CCC,
G04,feedback,26,True,CCC,
G04,feedback,27,True,CCC,
G04,feedback,28,True,CCC,
G04,feedback,29,True,CCC,
G04,feedback,30,True,CCC,
G04,feedback,31,True,CCC,
G04,feedback,32,True,CCC,
G04,feedback,33,True,CCC,
G04,feedback,34,True,CCC,
G04,feedback,35,True,CCC,
G04,feedback,36,True,CCC,
G04,feedback,37,True,CCC,
G04,feedback,38,True,CCC,
G04,feedback,39,True,CCC,
G04,feedback,40,True,CCC,
G05,decision,1,True,CCC,
G05,decision,2,True,CCC,
G05,decision,3,True,CCC,
G05,decision,4,True,CCC,
G05,decision,5,True,CCC,
G05,decision,6,True,Other,
G05,decision,7,True,Other,
G05,decision,8,True,CCC,
G05,decision,9,True,Other,
G05,decision,10,True,Other,
G05,decision,11,True,Other,
G05,decision,12,True,Other,
G05,decision,13,True,Other,
G05,decision,14,True,Other,
G05,decision,15,True,Other,
G05,decision,16,True,Other,
G05,decision,17,True,Other,
G05,decision,18,True,Other,
G05,decision,19,True,Other,
G05,decision,20,True,Other,
G05,decision,21,True,Other,
G05,decision,22,True,Other,
G05,decision,23,True,Other,
G05,decision,24,True,Other,
G05,decision,25,True,Other,
G05,decision,26,True,Other,
G05,decision,27,True,Other,
G05,decision,28,True,Other,
G05,decision,29,True,Other,
G05,decision,30,True,Other,
G05,decision,31,True,Other,
G05,decision,32,True,Other,
G05,decision,33,True,Other,
G05,decision,34,True,Other,
G05,decision,35,True,Other,
G05,decision,36,True,Other,
G05,decision,37,True,Other,
G05,decision,38,True,Other,
G05,decision,39,True,Other,
G05,decision,40,True,Other,
G05,feedback,1,True,CCC,
G05,feedback,2,True,CCC,
G05,feedback,3,True,CCC,
G05,feedback,4,True,CCC,
G05,feedback,5,True,CCC,
G05,feedback,6,True,Other,
G05,feedback,7,True,Other,
G05,feedback,8,True,CCC,
G05,feedback,9,True,Other,
G05,feedback,10,True,Other,
G05,feedback,11,True,Other,
G05,feedback,12,True,Other,
G05,feedback,13,True,Other,
G05,feedback,14,True,Other,
G05,feedback,15,True,Other,
G05,feedback,16,True,Other,
G05,feedback,17,True,Other,
G05,feedback,18,True,Other,
G05,feedback,19,True,Other,
G05,feedback,20,True,Other,
G05,feedback,21,True,Other,
G05,feedback,22,True,Other,
G05,feedback,23,True,Other,
G05,feedback,24,True,Other,
G05,feedback,25,True,Other,
G05,feedback,26,True,Other,
G05,feedback,27,True,Other,
G05,feedback,28,True,Other,
G05,feedback,29,True,Other,
G05,feedback,30,True,Other,
G05,feedback,31,True,Other,
G05,feedback,32,True,Other,
G05,feedback,33,True,Other,
G05,feedback,34,True,Other,
G05,feedback,35,True,Other,
G05,feedback,36,True,Other,
G05,feedback,37,True,Other,
G05,feedback,38,True,Other,
G05,feedback,39,True,Other,
G05,feedback,40,True,Other,
G06,decision,1,True,CCC,
G06,decision,2,True,CCC,
G06,decision,3,True,CCC,
G06,decision,4,True,CCC,
G06,decision,5,True,CCC,
G06,decision,6,True,CCC,
G06,decision,7,True,CCC,
G06,decision,8,True,CCC,
G06,decision,9,True,CCC,
G06,decision,10,True,CCC,
G06,decision,11,True,CCC,
G06,decision,12,True,CCC,
G06,decision,13,True,CCC,
G06,decision,14,True,CCC,
G06,decision,15,True,CCC,
G06,decision,16,True,CCC,
G06,decision,17,True,CCC,
G06,decision,18,True,CCC,
G06,decision,19,True,CCC,
G06,decision,20,True,CCC,
G06,decision,21,True,CCC,
G06,decision,22,True,CCC,
G06,decision,23,True,CCC,
G06,decision,24,True,CCC,
G06,decision,25,True,CCC,
G06,decision,26,True,CCC,
G06,decision,27,True,CCC,
G06,decision,28,True,CCC,
G06,decision,29,True,CCC,
G06,decision,30,True,CCC,
G06,decision,31,True,CCC,
G06,decision,32,True,CCC,
G06,decision,33,True,Other,
G06,decision,34,True,CCC,
G06,decision,35,True,CCC,
G06,decision,36,True,CCC,
G06,decision,37,True,Other,
G06,decision,38,True,CCC,
G06,decision,39,True,Other,
G06,decision,40,True,Other,
G06,feedback,1,True,CCC,
G06,feedback,2,True,CCC,
G06,feedback,3,True,CCC,
G06,feedback,4,True,CCC,
G06,feedback,5,True,CCC,
G06,feedback,6,True,CCC,
G06,feedback,7,True,CCC,
G06,feedback,8,True,CCC,
G06,feedback,9,True,CCC,
G06,feedback,10,True,CCC,
G06,feedback,11,True,CCC,
G06,feedback,12,True,CCC,
G06,feedback,13,True,CCC,
G06,feedback,14,True,CCC,
G06,feedback,15,True,CCC,
G06,feedback,16,True,CCC,
G06,feedback,17,True,CCC,
G06,feedback,18,True,CCC,
G06,feedback,19,True,CCC,
G06,feedback,20,True,CCC,
G06,feedback,21,True,CCC,
G06,feedback,22,True,CCC,
G06,feedback,23,True,CCC,
G06,feedback,24,True,CCC,
G06,feedback,25,True,CCC,
G06,feedback,26,True,CCC,
G06,feedback,27,True,CCC,
G06,feedback,28,True,CCC,
G06,feedback,29,True,CCC,
G06,feedback,30,True,CCC,
G06,feedback,31,True,CCC,
G06,feedback,32,True,CCC,
G06,feedback,33,True,Other,
G06,feedback,34,True,CCC,
G06,feedback,35,True,CCC,
G06,feedback,36,True,CCC,
G06,feedback,37,True,Other,
G06,feedback,38,True,CCC,
G06,feedback,39,True,Other,
G06,feedback,40,True,Other,
G07,decision,1,False,CCC,sub-G07S03
G07,decision,2,True,CCC,
G07,decision,3,True,CCC,
G07,decision,4,False,CCC,sub-G07S03
G07,decision,5,True,CCC,
G07,decision,6,True,CCC,
G07,decision,7,True,CCC,
G07,decision,8,True,CCC,
G07,decision,9,True,CCC,
G07,decision,10,True,CCC,
G07,decision,11,False,CCC,sub-G07S03
G07,decision,12,False,CCC,sub-G07S03
G07,decision,13,False,CCC,sub-G07S03
G07,decision,14,False,CCC,sub-G07S03
G07,decision,15,True,CCC,
G07,decision,16,True,CCC,
G07,decision,17,True,CCC,
G07,decision,18,True,CCC,
G07,decision,19,True,CCC,
G07,decision,20,True,CCC,
G07,decision,21,True,CCC,
G07,decision,22,False,CCC,sub-G07S03
G07,decision,23,True,CCC,
G07,decision,24,True,CCC,
G07,decision,25,True,CCC,
G07,decision,26,True,CCC,
G07,decision,27,True,CCC,
G07,decision,28,True,CCC,
G07,decision,29,False,CCC,sub-G07S03
G07,decision,30,True,CCC,
G07,decision,31,True,CCC,
G07,decision,32,True,CCC,
G07,decision,33,True,Other,
G07,decision,34,False,CCC,sub-G07S03
G07,decision,35,True,CCC,
G07,decision,36,True,CCC,
G07,decision,37,True,CCC,
G07,decision,38,True,CCC,
G07,decision,39,True,CCC,
G07,decision,40,False,CCC,sub-G07S03
G07,feedback,1,False,CCC,sub-G07S03
G07,feedback,2,False,CCC,sub-G07S03
G07,feedback,3,False,CCC,sub-G07S03
G07,feedback,4,False,CCC,sub-G07S03
G07,feedback,5,True,CCC,
G07,feedback,6,True,CCC,
G07,feedback,7,True,CCC,
G07,feedback,8,True,CCC,
G07,feedback,9,True,CCC,
G07,feedback,10,True,CCC,
G07,feedback,11,False,CCC,sub-G07S03
G07,feedback,12,False,CCC,sub-G07S03
G07,feedback,13,False,CCC,sub-G07S03
G07,feedback,14,False,CCC,sub-G07S03
G07,feedback,15,True,CCC,
G07,feedback,16,True,CCC,
G07,feedback,17,True,CCC,
G07,feedback,18,True,CCC,
G07,feedback,19,True,CCC,
G07,feedback,20,True,CCC,
G07,feedback,21,True,CCC,
G07,feedback,22,True,CCC,
G07,feedback,23,True,CCC,
G07,feedback,24,True,CCC,
G07,feedback,25,True,CCC,
G07,feedback,26,True,CCC,
G07,feedback,27,True,CCC,
G07,feedback,28,True,CCC,
G07,feedback,29,True,CCC,
G07,feedback,30,True,CCC,
G07,feedback,31,True,CCC,
G07,feedback,32,True,CCC,
G07,feedback,33,False,Other,sub-G07S03
G07,feedback,34,False,CCC,sub-G07S03
G07,feedback,35,False,CCC,sub-G07S03
G07,feedback,36,True,CCC,
G07,feedback,37,True,CCC,
G07,feedback,38,True,CCC,
G07,feedback,39,True,CCC,
G07,feedback,40,True,CCC,
G08,decision,1,True,CCC,
G08,decision,2,True,Other,
G08,decision,3,True,Other,
G08,decision,4,True,Other,
G08,decision,5,True,Other,
G08,decision,6,True,Other,
G08,decision,7,True,Other,
G08,decision,8,True,Other,
G08,decision,9,True,Other,
G08,decision,10,True,Other,
G08,decision,11,True,Other,
G08,decision,12,True,Other,
G08,decision,13,True,Other,
G08,decision,14,True,CCC,
G08,decision,15,True,Other,
G08,decision,16,True,Other,
G08,decision,17,True,CCC,
G08,decision,18,True,Other,
G08,decision,19,True,Other,
G08,decision,20,True,Other,
G08,decision,21,True,Other,
G08,decision,22,True,Other,
G08,decision,23,True,Other,
G08,decision,24,True,Other,
G08,decision,25,True,Other,
G08,decision,26,True,Other,
G08,decision,27,True,Other,
G08,decision,28,True,Other,
G08,decision,29,True,CCC,
G08,decision,30,True,Other,
G08,decision,31,True,Other,
G08,decision,32,True,Other,
G08,decision,33,True,Other,
G08,decision,34,True,CCC,
G08,decision,35,True,Other,
G08,decision,36,True,CCC,
G08,decision,37,True,CCC,
G08,decision,38,True,CCC,
G08,decision,39,True,CCC,
G08,decision,40,True,CCC,
G08,feedback,1,True,CCC,
G08,feedback,2,True,Other,
G08,feedback,3,True,Other,
G08,feedback,4,True,Other,
G08,feedback,5,True,Other,
G08,feedback,6,True,Other,
G08,feedback,7,True,Other,
G08,feedback,8,True,Other,
G08,feedback,9,True,Other,
G08,feedback,10,True,Other,
G08,feedback,11,True,Other,
G08,feedback,12,True,Other,
G08,feedback,13,True,Other,
G08,feedback,14,True,CCC,
G08,feedback,15,True,Other,
G08,feedback,16,True,Other,
G08,feedback,17,True,CCC,
G08,feedback,18,True,Other,
G08,feedback,19,True,Other,
G08,feedback,20,True,Other,
G08,feedback,21,True,Other,
G08,feedback,22,True,Other,
G08,feedback,23,True,Other,
G08,feedback,24,True,Other,
G08,feedback,25,True,Other,
G08,feedback,26,True,Other,
G08,feedback,27,True,Other,
G08,feedback,28,True,Other,
G08,feedback,29,True,CCC,
G08,feedback,30,True,Other,
G08,feedback,31,True,Other,
G08,feedback,32,True,Other,
G08,feedback,33,True,Other,
G08,feedback,34,True,CCC,
G08,feedback,35,True,Other,
G08,feedback,36,True,CCC,
G08,feedback,37,True,CCC,
G08,feedback,38,True,CCC,
G08,feedback,39,True,CCC,
G08,feedback,40,True,CCC,
G09,decision,1,True,CCC,
G09,decision,2,True,CCC,
G09,decision,3,True,CCC,
G09,decision,4,True,CCC,
G09,decision,5,True,CCC,
G09,decision,6,True,CCC,
G09,decision,7,True,CCC,
G09,decision,8,True,CCC,
G09,decision,9,True,CCC,
G09,decision,10,True,CCC,
G09,decision,11,True,CCC,
G09,decision,12,True,CCC,
G09,decision,13,True,Other,
G09,decision,14,True,Other,
G09,decision,15,True,Other,
G09,decision,16,True,Other,
G09,decision,17,True,Other,
G09,decision,18,True,Other,
G09,decision,19,True,Other,
G09,decision,20,True,Other,
G09,decision,21,True,Other,
G09,decision,22,True,Other,
G09,decision,23,True,Other,
G09,decision,24,True,Other,
G09,decision,25,True,Other,
G09,decision,26,True,Other,
G09,decision,27,True,Other,
G09,decision,28,True,Other,
G09,decision,29,True,Other,
G09,decision,30,True,Other,
G09,decision,31,True,Other,
G09,decision,32,True,Other,
G09,decision,33,True,Other,
G09,decision,34,True,Other,
G09,decision,35,True,Other,
G09,decision,36,True,Other,
G09,decision,37,True,Other,
G09,decision,38,True,Other,
G09,decision,39,True,Other,
G09,decision,40,True,Other,
G09,feedback,1,True,CCC,
G09,feedback,2,True,CCC,
G09,feedback,3,True,CCC,
G09,feedback,4,True,CCC,
G09,feedback,5,True,CCC,
G09,feedback,6,True,CCC,
G09,feedback,7,True,CCC,
G09,feedback,8,True,CCC,
G09,feedback,9,True,CCC,
G09,feedback,10,True,CCC,
G09,feedback,11,True,CCC,
G09,feedback,12,True,CCC,
G09,feedback,13,True,Other,
G09,feedback,14,True,Other,
G09,feedback,15,True,Other,
G09,feedback,16,True,Other,
G09,feedback,17,True,Other,
G09,feedback,18,True,Other,
G09,feedback,19,True,Other,
G09,feedback,20,True,Other,
G09,feedback,21,True,Other,
G09,feedback,22,True,Other,
G09,feedback,23,True,Other,
G09,feedback,24,True,Other,
G09,feedback,25,True,Other,
G09,feedback,26,True,Other,
G09,feedback,27,True,Other,
G09,feedback,28,True,Other,
G09,feedback,29,True,Other,
G09,feedback,30,True,Other,
G09,feedback,31,True,Other,
G09,feedback,32,True,Other,
G09,feedback,33,True,Other,
G09,feedback,34,True,Other,
G09,feedback,35,True,Other,
G09,feedback,36,True,Other,
G09,feedback,37,True,Other,
G09,feedback,38,True,Other,
G09,feedback,39,True,Other,
G09,feedback,40,True,Other,
G10,decision,1,True,CCC,
G10,decision,2,True,CCC,
G10,decision,3,True,CCC,
G10,decision,4,True,Other,
G10,decision,5,True,Other,
G10,decision,6,True,CCC,
G10,decision,7,True,CCC,
G10,decision,8,True,CCC,
G10,decision,9,True,CCC,
G10,decision,10,True,CCC,
G10,decision,11,True,CCC,
G10,decision,12,True,CCC,
G10,decision,13,True,CCC,
G10,decision,14,True,CCC,
G10,decision,15,True,CCC,
G10,decision,16,True,CCC,
G10,decision,17,True,CCC,
G10,decision,18,True,CCC,
G10,decision,19,True,CCC,
G10,decision,20,True,CCC,
G10,decision,21,True,CCC,
G10,decision,22,True,CCC,
G10,decision,23,True,CCC,
G10,decision,24,True,CCC,
G10,decision,25,True,CCC,
G10,decision,26,True,CCC,
G10,decision,27,True,CCC,
G10,decision,28,True,CCC,
G10,decision,29,True,CCC,
G10,decision,30,True,CCC,
G10,decision,31,True,CCC,
G10,decision,32,True,CCC,
G10,decision,33,True,CCC,
G10,decision,34,True,CCC,
G10,decision,35,True,CCC,
G10,decision,36,True,CCC,
G10,decision,37,True,CCC,
G10,decision,38,True,Other,
G10,decision,39,True,Other,
G10,decision,40,True,Other,
G10,feedback,1,True,CCC,
G10,feedback,2,True,CCC,
G10,feedback,3,True,CCC,
G10,feedback,4,True,Other,
G10,feedback,5,True,Other,
G10,feedback,6,True,CCC,
G10,feedback,7,True,CCC,
G10,feedback,8,True,CCC,
G10,feedback,9,True,CCC,
G10,feedback,10,True,CCC,
G10,feedback,11,True,CCC,
G10,feedback,12,True,CCC,
G10,feedback,13,True,CCC,
G10,feedback,14,True,CCC,
G10,feedback,15,True,CCC,
G10,feedback,16,True,CCC,
G10,feedback,17,True,CCC,
G10,feedback,18,True,CCC,
G10,feedback,19,True,CCC,
G10,feedback,20,True,CCC,
G10,feedback,21,True,CCC,
G10,feedback,22,True,CCC,
G10,feedback,23,True,CCC,
G10,feedback,24,True,CCC,
G10,feedback,25,True,CCC,
G10,feedback,26,True,CCC,
G10,feedback,27,True,CCC,
G10,feedback,28,True,CCC,
G10,feedback,29,True,CCC,
G10,feedback,30,True,CCC,
G10,feedback,31,True,CCC,
G10,feedback,32,True,CCC,
G10,feedback,33,True,CCC,
G10,feedback,34,True,CCC,
G10,feedback,35,True,CCC,
G10,feedback,36,True,CCC,
G10,feedback,37,True,CCC,
G10,feedback,38,True,Other,
G10,feedback,39,True,Other,
G10,feedback,40,True,Other,
G11,decision,1,True,Other,
G11,decision,2,False,CCC,sub-G11S03
G11,decision,3,True,Other,
G11,decision,4,True,Other,
G11,decision,5,True,CCC,
G11,decision,6,True,Other,
G11,decision,7,True,Other,
G11,decision,8,True,CCC,
G11,decision,9,True,CCC,
G11,decision,10,True,Other,
G11,decision,11,True,Other,
G11,decision,12,True,CCC,
G11,decision,13,True,CCC,
G11,decision,14,True,Other,
G11,decision,15,False,Other,sub-G11S02
G11,decision,16,True,Other,
G11,decision,17,True,Other,
G11,decision,18,True,Other,
G11,decision,19,False,Other,sub-G11S02
G11,decision,20,True,Other,
G11,decision,21,True,CCC,
G11,decision,22,True,CCC,
G11,decision,23,False,CCC,sub-G11S03
G11,decision,24,True,CCC,
G11,decision,25,True,CCC,
G11,decision,26,True,CCC,
G11,decision,27,True,CCC,
G11,decision,28,True,CCC,
G11,decision,29,True,CCC,
G11,decision,30,True,Other,
G11,decision,31,True,CCC,
G11,decision,32,True,CCC,
G11,decision,33,True,CCC,
G11,decision,34,False,CCC,sub-G11S02
G11,decision,35,True,CCC,
G11,decision,36,True,Other,
G11,decision,37,True,CCC,
G11,decision,38,True,CCC,
G11,decision,39,True,Other,
G11,decision,40,True,Other,
G11,feedback,1,True,Other,
G11,feedback,2,False,CCC,sub-G11S03
G11,feedback,3,True,Other,
G11,feedback,4,True,Other,
G11,feedback,5,True,CCC,
G11,feedback,6,True,Other,
G11,feedback,7,True,Other,
G11,feedback,8,True,CCC,
G11,feedback,9,True,CCC,
G11,feedback,10,True,Other,
G11,feedback,11,True,Other,
G11,feedback,12,True,CCC,
G11,feedback,13,True,CCC,
G11,feedback,14,True,Other,
G11,feedback,15,True,Other,
G11,feedback,16,True,Other,
G11,feedback,17,True,Other,
G11,feedback,18,True,Other,
G11,feedback,19,True,Other,
G11,feedback,20,True,Other,
G11,feedback,21,True,CCC,
G11,feedback,22,True,CCC,
G11,feedback,23,False,CCC,sub-G11S03
G11,feedback,24,True,CCC,
G11,feedback,25,True,CCC,
G11,feedback,26,True,CCC,
G11,feedback,27,True,CCC,
G11,feedback,28,True,CCC,
G11,feedback,29,True,CCC,
G11,feedback,30,True,Other,
G11,feedback,31,True,CCC,
G11,feedback,32,True,CCC,
G11,feedback,33,True,CCC,
G11,feedback,34,True,CCC,
G11,feedback,35,True,CCC,
G11,feedback,36,True,Other,
G11,feedback,37,True,CCC,
G11,feedback,38,True,CCC,
G11,feedback,39,True,Other,
G11,feedback,40,True,Other,
